기사단,마스터,마법의나라
기사단,서브마스터,악어
기사단,서브마스터,BestMan
기사단,저니맨,토르
기사단,어프렌티스,조병주
,,Firefighter
기사단,어프렌티스,연잎
기사단,어프렌티스,음악
기사단,어프렌티스,제이앤비
기사단,어프렌티스,GISADAN
기사단,어프렌티스,현상태
기사단,어프렌티스,백장미
,,뭔데이
기사단,어프렌티스,제제
기사단,어프렌티스,게임의나라
,,장대인
기사단,어프렌티스,창경대휘센
기사단,어프렌티스,현불꽃
기사단,어프렌티스,현비트
기사단,어프렌티스,현대장
기사단,어프렌티스,무에타이
기사단,어프렌티스,삐쮸
기사단,어프렌티스,비추
기사단,어프렌티스,헤로인
기사단,어프렌티스,I아이언맨I
기사단,어프렌티스,해운대노숙자
기사단,어프렌티스,만취한쑤기
기사단,어프렌티스,안마
기사단,어프렌티스,미추홀
기사단,어프렌티스,미띤
기사단,어프렌티스,적현무
기사단,어프렌티스,윈터솔저
기사단,어프렌티스,세수
기사단,뉴비,가족같은경우
기사단,뉴비,두물머리
기사단,뉴비,푸밍
기사단,뉴비,민트잎
,,GARDIUS
,,슈퍼맨
기사단,뉴비,숙자
기사단,뉴비,레이스올인
기사단,뉴비,나이스맨
기사단,뉴비,시카고
,,청해
기사단,뉴비,곰티
기사단,뉴비,캡틴마블
기사단,뉴비,빨간사과
기사단,뉴비,보좌관
기사단,뉴비,조심
기사단,뉴비,키자루
기사단,뉴비,전설의마녀
,,핫딜
기사단,뉴비,아리랑
Benz,마스터,크리
Benz,서브마스터,MagicFantasy
Benz,뉴비,오리온
Benz,뉴비,독재자
Benz,뉴비,천신
Benz,뉴비,고스트
Benz,뉴비,커츠
Benz,뉴비,헬바인
Benz,뉴비,혁명군
Benz,뉴비,아이언맨
Benz,뉴비,그루트
Benz,뉴비,천둥호랑이
Benz,뉴비,이나시엔
Benz,뉴비,슬픔
Benz,뉴비,지라리
Benz,뉴비,소장
Benz,뉴비,아람
Benz,뉴비,카쿠
Benz,뉴비,억이
Benz,뉴비,이억
Benz,뉴비,작전관
Benz,뉴비,뚱보할매
Benz,뉴비,조준
Benz,뉴비,꼬숩다
Benz,뉴비,꽃의
,,남아의사랑
흑풍,마스터,족가
흑풍,서브마스터,국수
흑풍,서브마스터,친칠라
흑풍,저니맨,은가비
흑풍,어프렌티스,손오공
흑풍,어프렌티스,호랑이
흑풍,어프렌티스,펠프스
흑풍,어프렌티스,새댁
흑풍,어프렌티스,군ITOPI주
흑풍,어프렌티스,님하
흑풍,어프렌티스,나다이놈아
흑풍,어프렌티스,I룡천앤I
흑풍,어프렌티스,복면가왕
흑풍,어프렌티스,극락왕생
흑풍,어프렌티스,리스나
흑풍,어프렌티스,네오민
흑풍,어프렌티스,둥보
흑풍,어프렌티스,비행운
흑풍,어프렌티스,STARBUCKS
흑풍,어프렌티스,칸다
흑풍,어프렌티스,로디
흑풍,어프렌티스,일락
흑풍,어프렌티스,미르II
흑풍,어프렌티스,식이
흑풍,어프렌티스,떠돌이법사
흑풍,어프렌티스,핑크미니
흑풍,어프렌티스,조선노동당
흑풍,어프렌티스,쇼나니
흑풍,어프렌티스,MagicMode
흑풍,어프렌티스,개성댁
흑풍,어프렌티스,EBIOS
흑풍,어프렌티스,기니피그
흑풍,어프렌티스,늙은레더맨
흑풍,어프렌티스,단테존스
흑풍,어프렌티스,이어폰
흑풍,뉴비,최고전사
흑풍,뉴비,메피스토
흑풍,뉴비,매직
블랙리스트,마스터,김춘배
블랙리스트,뉴비,곽휘
블랙리스트,뉴비,벌레대장
블랙리스트,뉴비,김도끼
블랙리스트,뉴비,따옴
블랙리스트,뉴비,Krrrr
블랙리스트,뉴비,츠카
블랙리스트,뉴비,접촉
블랙리스트,뉴비,벌레대장친구
블랙리스트,뉴비,한억관
블랙리스트,뉴비,김춘사과
블랙리스트,뉴비,SEXY
블랙리스트,뉴비,쓰리썸
블랙리스트,뉴비,진상
블랙리스트,뉴비,템빨벌레
블랙리스트,뉴비,큭큭
블랙리스트,뉴비,점박이
블랙리스트,뉴비,불량배
블랙리스트,뉴비,람이
블랙리스트,뉴비,냉짬뽕
블랙리스트,뉴비,똘마니
블랙리스트,뉴비,끌끌
블랙리스트,뉴비,약혼녀
블랙리스트,뉴비,앙톡
블랙리스트,뉴비,해광스님
블랙리스트,뉴비,후밍
블랙리스트,뉴비,개병신
블랙리스트,뉴비,쿠퍼액
블랙리스트,뉴비,내가살릴까요
블랙리스트,뉴비,여명이
블랙리스트,뉴비,걸리모골로
블랙리스트,뉴비,뜬금없는놈
블랙리스트,뉴비,포탈
블랙리스트,뉴비,넙치
블랙리스트,뉴비,깡총
블랙리스트,뉴비,크리스피
블랙리스트,뉴비,대추
블랙리스트,뉴비,할말없다
블랙리스트,뉴비,가방조심
블랙리스트,뉴비,누렁이
